method,descriptor,mae,rmse,r2,n
mean,brightness,17.257150650024414,20.30702018737793,-0.013884251489910682,1481
mean,depth,15.646788597106934,18.24032211303711,-0.007435765572379793,1481
mean,hardness,15.936601638793945,18.626493453979492,-0.009379678574489292,1481
mean,roughness,16.24407386779785,20.641447067260742,-0.034641678744665505,1481
mean,warmth,14.312528610229492,16.4845027923584,-0.006601799232986982,1481
mean,sharpness,16.0616455078125,18.88113021850586,-0.009616964753213386,1481
mean,boominess,15.01648235321045,18.539304733276367,-0.008264735983405158,1481
mean,macro,15.78218160356794,18.81717436654227,-0.012832124907292972,
ridge,brightness,12.77729320526123,15.973348617553711,0.37268176453901536,1481
ridge,depth,11.834845542907715,14.786477088928223,0.3379637234567352,1481
ridge,hardness,12.256182670593262,15.110339164733887,0.33573585589505606,1481
ridge,roughness,12.886270523071289,16.769838333129883,0.3170837748041345,1481
ridge,warmth,10.359030723571777,12.865692138671875,0.38684212686081565,1481
ridge,sharpness,12.76481819152832,15.950017929077148,0.27951824105133816,1481
ridge,boominess,11.812299728393555,14.974774360656738,0.34217814418052284,1481
ridge,macro,12.098677226475306,15.204355376107353,0.3388576615410882,
mlp,brightness,11.359344482421875,14.755502700805664,0.4646917261216378,1481
mlp,depth,10.428874969482422,13.489409446716309,0.44901692700471607,1481
mlp,hardness,10.942546844482422,14.281797409057617,0.40658554211364695,1481
mlp,roughness,12.2753324508667,16.25218391418457,0.35859374687759427,1481
mlp,warmth,8.964678764343262,11.507580757141113,0.5094603747053745,1481
mlp,sharpness,11.475380897521973,14.811951637268066,0.3786658059929804,1481
mlp,boominess,10.585484504699707,13.766037940979004,0.44408855350160004,1481
mlp,macro,10.861663273402623,14.123494829450335,0.43015752518822137,
