id,name,seed_index,stored_brightness,recomputed_brightness,abs_diff_brightness,recomputed2_brightness,noise_diff_brightness,stored_depth,recomputed_depth,abs_diff_depth,recomputed2_depth,noise_diff_depth,stored_hardness,recomputed_hardness,abs_diff_hardness,recomputed2_hardness,noise_diff_hardness,stored_roughness,recomputed_roughness,abs_diff_roughness,recomputed2_roughness,noise_diff_roughness,stored_warmth,recomputed_warmth,abs_diff_warmth,recomputed2_warmth,noise_diff_warmth,stored_sharpness,recomputed_sharpness,abs_diff_sharpness,recomputed2_sharpness,noise_diff_sharpness,stored_boominess,recomputed_boominess,abs_diff_boominess,recomputed2_boominess,noise_diff_boominess
8124c78c,Preset,1,78.90933168677495,79.73162100782095,0.822289321046,79.24549740169424,0.4861236061267107,17.602357162613814,16.738592281142537,0.8637648814712762,16.45539573523935,0.28319654590318777,71.61628027988317,71.68538295398804,0.06910267410486881,69.41242556599036,2.2729573879976783,74.43929517861375,73.59216482804877,0.8471303505649814,74.23790243046619,0.6457376024174266,15.234324155839047,15.1723192170573,0.0620049387817474,15.761533443690784,0.5892142266334837,71.9216637945064,71.58299399891035,0.33866979559604715,69.64624185474912,1.9367521441612325,-1.3081944523377445,1.5971691541961164,2.905363606533861,2.8495229920658147,1.2523538378696983
9061708f,Preset,2,42.03422232132303,40.00191919627002,2.032303125053005,39.497471065958266,0.5044481303117578,64.56228888997421,65.52524882479585,0.9629599348216402,65.73400723460391,0.2087584098080555,49.6416705015385,45.76944714805538,3.872223353483122,46.59621530699195,0.8267681589365736,41.76914666326008,41.53932910725519,0.22981755600488896,40.485230178845,1.0540989284101911,59.8048399966963,60.35023847981311,0.5453984831168057,60.34202139231301,0.008217087500099751,33.41476828116477,31.41899963589284,1.99576864527193,31.81848902872214,0.3994893928293024,43.198531461599345,45.093567085101256,1.8950356235019115,44.92075883592801,0.17280824917324367
159abdf1,Preset,3,53.324777591224894,53.18153346328719,0.1432441279377059,53.18210524301158,0.0005717797243889322,40.724394566356686,41.744537530960876,1.0201429646041902,40.90492254682282,0.8396149841380591,47.32269836369548,52.820070474045735,5.4973721103502555,54.82952413048463,2.009453656438893,52.55688155324414,52.953995968891846,0.39711441564770666,52.03844131722721,0.9155546516646353,48.10150928032987,48.50667975077084,0.40517047044097154,47.937281692219464,0.5693980585513785,33.25139256551482,34.5077012110522,1.2563086455373806,33.07741501429916,1.4302861967530376,27.22736715902162,26.7971906036779,0.4301765553437207,27.22957929813673,0.43238869445882955
50012090,Preset,4,50.4604550876408,51.89399579999928,1.4335407123584787,47.82570307138628,4.068292728613002,47.93717990358812,48.88805033467413,0.9508704310860168,48.03037243948373,0.857677895190406,48.389951103643625,42.48949341097591,5.900457692667715,43.425055928427014,0.9355625174511033,35.665251982496414,35.82137444624384,0.15612246374742256,33.73922701880283,2.082147427441008,41.475515553059246,41.881078218858704,0.405562665799458,44.468238691717154,2.58716047285845,36.26749745507648,37.86145433384469,1.5939568787682106,31.289881500512124,6.571572833332567,23.502095997502117,26.041064714108284,2.538968716606167,26.433912356696425,0.39284764258814064
be008809,Preset,5,28.777974430030962,23.78907199111063,4.988902438920331,27.388418530936487,3.5993465398258557,66.6586986661196,67.23711488387853,0.578416217758928,67.10320142823134,0.13391345564718904,33.36425127377073,28.92027622987638,4.443975043894355,31.696844838080935,2.776568608204556,37.31960457798166,33.22796781764997,4.0916367603316885,35.68959093181788,2.4616231141679137,64.58577488495116,64.7099870231604,0.12421213820923072,65.01232129621009,0.30233427304969496,15.872339990601642,8.520068878674376,7.352271111927266,15.565951200152316,7.04588232147794,52.54383644504202,56.97934344602628,4.435507000984259,53.91668657402774,3.0626568719985343
e601dd21,Preset,6,19.321046866721154,19.901896584976576,0.580849718255422,20.912975906162362,1.011079321185786,67.22262017615316,67.34496101684272,0.12234084068956008,67.19439062798887,0.15057038885385055,24.625242485410837,27.54699633446252,2.921753849051683,27.41945462444903,0.1275417100134888,0.0,0.0,0.0,0.0,0.0,56.23269985448499,57.08099926086793,0.8482994063829352,57.060848503005275,0.020150757862651858,-12.929467459810368,-8.986830659056665,3.9426368007537036,-8.286250685953945,0.7005799731027196,65.50311373860784,64.38938440060932,1.113729337998521,64.28742914608392,0.101955254525393
2ac379af,Preset,7,61.09134122615501,59.11995982752138,1.971381398633632,58.694397548659225,0.42556227886215225,40.70326398954077,39.37731439321074,1.3259495963300338,46.24170529816252,6.864390904951783,52.03535857923157,49.96159077731062,2.073767801920951,53.465618658465644,3.504027881155025,53.30771704595472,50.48734336172937,2.820373684225345,48.12836999477646,2.3589733669529096,40.82289925522625,43.10870243410589,2.2858031788796467,37.83415010318557,5.274552330920322,55.947858442842616,55.68906137822389,0.25879706461872587,55.056946700486534,0.6321146777373556,28.789529546413718,31.235882808115143,2.446353261701425,29.24720130543929,1.9886815026758526
0f985041,Preset,8,53.64746327405179,54.07578468168985,0.4283214076380659,56.409224837989086,2.3334401562992326,67.3458150957483,65.06720651417645,2.2786085815718593,65.92657727617427,0.8593707619978233,67.71960611521217,64.63186405120987,3.087742064002299,66.92176143674664,2.2898973855367615,61.16396772981653,60.42886037826693,0.7351073515495941,64.67042017757927,4.241559799312341,50.45763305853731,49.205304452845276,1.2523286056920355,47.245926014107546,1.9593784387377298,48.58575482800971,49.17789558862723,0.592140760617518,50.64883612884769,1.470940540220461,37.25026935390484,37.182316586273195,0.06795276763164537,35.57452501343275,1.6077915728404477
9db2366f,Preset,9,24.514504756464575,23.719458541487263,0.7950462149773116,26.876944796917275,3.157486255430012,59.790226916208844,59.783651460799994,0.006575455408849962,55.13697988406161,4.646671576738385,28.851635512075205,30.332370142827912,1.480734630752707,24.85277473243424,5.479595410393671,0.0,0.0,0.0,0.0,0.0,62.39728715674319,64.89587231648761,2.4985851597444224,65.56021787101446,0.6643455545268466,13.45765488612448,16.317562977621808,2.859908091497328,13.975548453667646,2.3420145239541625,46.011329547316194,45.36233554051488,0.6489940068013169,45.82389570303094,0.461560162516065
5e04fb2d,Preset,10,43.31604949665764,42.643264576112784,0.6727849205448564,42.54457436801473,0.09869020809805562,40.820276698993496,43.853072942275375,3.0327962432818794,45.494707714069065,1.64163477179369,36.36216392785404,38.12628228588325,1.764118358029208,36.90229946607104,1.223982819812207,35.278578177602746,22.99436588385917,12.284212293743575,31.381814347108044,8.387448463248873,60.212137842575586,62.180568015710065,1.9684301731344789,60.55810852739339,1.6224594883166787,27.71382141882308,26.474428133086423,1.2393932857366572,28.751673268981587,2.277245135895164,35.71842445245042,35.3393733101949,0.37905114225551984,35.583903125382484,0.2445298151875832
d2d12fe1,Preset,11,67.44224362214892,64.72502179184325,2.717221830305675,66.38218937838695,1.6571675865437072,39.765474497818744,41.047049432175825,1.2815749343570815,46.718768372979554,5.6717189408037285,72.59571839175933,74.81787213021559,2.2221537384562566,71.52897464429944,3.288897485916152,58.86194535615001,58.90601513507548,0.044069778925468484,57.12439376423835,1.7816213708371293,24.823583064005607,26.191165060900904,1.3675819968952965,26.77204128329434,0.5808762223934352,56.18595288937181,53.077405569472404,3.108547319899408,55.64998572071533,2.5725801512429243,31.4994625447466,30.535153031893977,0.9643095128526227,33.43418379310974,2.899030761215762
8cc82b5e,Preset,12,69.27266441750407,69.31807763075938,0.04541321325530134,68.54524801518284,0.7728296155765406,22.588968480160446,20.963178439205983,1.6257900409544632,21.07901206890741,0.1158336297014273,70.2089127722164,69.25638907833019,0.9525236938862065,71.10964064353493,1.8532515652047437,69.59114351766294,68.92281581013052,0.668327707532427,69.13842969851393,0.215613888383416,28.678995960935346,27.039816827612583,1.639179133322763,27.918363858014345,0.8785470304017622,59.97729309380344,60.044656174276405,0.06736308047296546,59.602273900429225,0.4423822738471799,12.601908540926797,10.98465312998734,1.6172554109394568,12.125227318535106,1.1405741885477667
3fae47d6,Preset,13,82.5910554198577,83.55366280714563,0.9626073872879317,83.47216730238462,0.08149550476100842,22.523338750338254,23.518821510678322,0.9954827603400673,22.284375252759297,1.234446257919025,74.57282404620028,71.2973860069973,3.2754380392029816,72.0510420025023,0.7536559955049995,84.96709564911411,85.22765343018685,0.260557781072734,84.94042247766447,0.2872309525223784,24.125413974473226,24.159734405252912,0.03432043077968672,22.593715710929843,1.5660186943230698,74.91618918267125,76.4648806109959,1.5486914283246591,76.25907930305051,0.20580130794539286,-1.226982837275962,-1.3234124891188976,0.09642965184293573,-2.38127163357402,1.0578591444551222
71647861,Preset,14,45.24727714232678,44.5513671773657,0.695909964961082,44.967270218036774,0.41590304067107553,25.879884680494854,18.98106988679244,6.898814793702414,25.231097082476992,6.250027195684552,23.278795725863887,23.872038517677524,0.5932427918136369,24.43266887042239,0.560630352744866,0.0,0.0,0.0,0.0,0.0,41.83506010263223,41.83254002458864,0.0025200780435881143,41.40693252969721,0.42560749489143035,32.93812140311369,32.594413509647296,0.3437078934663944,30.368385083957914,2.226028425689382,11.498629928674335,8.740190105464755,2.7584398232095797,13.234451670257632,4.494261564792877
e9d34551,Preset,15,72.59435049747435,72.68394329685965,0.08959279938530074,72.59220653155398,0.09173676530566865,18.190201185673658,18.183346850512322,0.006854335161335712,18.20151976139755,0.018172910885226656,75.72872170016663,75.7905389932044,0.06181729303776251,75.52024105376665,0.2702979394377394,40.87143523157623,40.53046690267239,0.3409683289038412,40.75785748720712,0.2273905845347315,20.23234177062585,22.017404755871873,1.7850629852460216,22.38815571660507,0.37075096073319713,61.57196563310255,61.701519778986864,0.12955414588431324,61.6088533299786,0.09266644900826293,10.167690184175928,10.104365375331177,0.06332480884475089,10.252823229771217,0.14845785444003923
1e227b17,Preset,16,73.83034913421184,73.8045457120075,0.025803422204347726,73.90407138654767,0.09952567454017469,31.48450884748685,31.507904214667178,0.023395367180327753,31.508694008639544,0.0007897939723662262,75.70400814305225,75.66900140963918,0.035006733413069924,75.73499693954199,0.06599552990280699,78.67384420279824,78.81749363636655,0.1436494335683136,78.78805954960069,0.029434086765860457,24.001714478177142,24.24011102229705,0.23839654411990807,23.935341766550952,0.30476925574609837,62.71152774188232,62.6410300101783,0.07049773170402318,62.73568080807719,0.0946507978988933,13.372933990674316,13.403482582398723,0.030548591724407714,13.521950398498259,0.11846781609953538
c2f3517a,Preset,17,16.383435290674413,16.360059004338694,0.023376286335718532,16.38550005122414,0.02544104688544735,68.06285955690272,68.04305052646036,0.019809030442360154,68.06391277120204,0.020862244741678637,22.54287227268,24.2864619538105,1.7435896811305014,22.41826273297052,1.8681992208399834,41.1010206707143,40.906831134882204,0.19418953583209486,41.103098742082686,0.19626760720048253,63.9725230527869,64.00000168780804,0.027478635021140008,63.993852752953266,0.006148934854770971,25.978337363030555,26.960594489094536,0.9822571260639812,25.92967213038896,1.0309223587055776,55.161750244390525,54.83964569717135,0.32210454721917614,55.181871458116845,0.34222576094549595
fee93e56,Preset,18,82.54710671672277,82.75705479209535,0.20994807537257998,82.74618790308597,0.010866889009378156,7.827877550090392,6.601387028390015,1.2264905217003772,7.638458985763435,1.0370719573734206,56.56071801580461,56.7641958052578,0.2034777894531885,56.02203849424325,0.7421573110145516,67.29470142464038,68.63925925210324,1.3445578274628645,67.37974971430965,1.2595095377935905,19.499240813066322,19.29193339137803,0.20730742168829153,19.271084187789057,0.020849203588973353,82.11583762707306,82.5497051892541,0.4338675621810353,82.66031572575432,0.1106105365002179,-9.385822142514144,-8.390022285061555,0.9957998574525888,-7.707507635348918,0.6825146497126369
9b3031c6,Preset,19,33.39530085503407,32.18545968473559,1.209841170298482,32.74165751172957,0.55619782699398,64.65329347793056,64.74797828896318,0.0946848110326215,65.03959938448487,0.29162109552169113,37.08954499385658,32.787128287264736,4.302416706591842,33.616302404730746,0.8291741174660103,0.0,24.20929548566929,24.20929548566929,23.87326889887603,0.3360265867932597,62.04748165579382,62.11179929880329,0.06431764300947407,61.56635449856605,0.5454448002372416,11.737757069451582,10.74704614805529,0.9907109213962926,9.724190953409789,1.0228551946455013,47.62072067915132,48.374555501429526,0.7538348222782076,49.052404041337276,0.6778485399077496
8516b52e,Preset,20,25.637778171119578,19.963874600152586,5.673903570966992,24.189619738593997,4.225745138441411,67.50011255068684,67.53481480093339,0.03470225024655349,67.49111855071838,0.04369625021500667,38.47981296194567,29.792555092182013,8.687257869763656,35.20987326827337,5.4173181760913565,34.12512633252727,38.01001287863502,3.8848865461077438,38.08371720097165,0.07370432233663138,63.18255861596277,64.0115967669152,0.8290381509524352,63.39594594385455,0.6156508230606548,36.041993789639704,28.493387607834382,7.548606181805322,36.490024184075494,7.996636576241112,50.12820794407905,53.7924197542874,3.66421181020835,50.13375477518831,3.6586649790990933
