,PC1,PC2,PC3,PC4,PC5,PC6,PC7,PC8,PC9,PC10,PC11,PC12,PC13,PC14,PC15,PC16,PC17,PC18,PC19,PC20
param_ampenv_a_attack,0.04617023078380953,0.1452531655752645,-0.13298197679753715,0.18707033410447224,0.06667405069022557,-0.16217360785119694,0.033236312204470965,-0.03495289547451714,0.0871931044395194,0.07032119973089386,-0.00980327867174978,-0.07128970074389965,-0.016732722261213064,-0.01679961880401544,-0.07049741107969591,-0.05477858385246451,0.007705589821096699,0.044657680389298994,-0.0638698198042036,0.04638965879750742
param_ampenv_a_decay,-0.04408999613169329,-0.041772730194754915,0.033256750688245795,-0.11965615502738952,-0.08946228947341667,-0.07619443296417894,0.0758354841518579,0.11128319149733368,-0.0640781162188096,-0.2998032334667635,0.16973341847450313,-0.12240837806437675,0.03448540382578444,0.0039483408970665355,-0.11146613477049769,0.12719183329263062,-0.04848153082953349,-0.026944558864853224,-0.06883789973157832,0.12509873406305788
param_ampenv_a_release,-0.03617942294966686,0.08898441829682524,0.04508001307705255,0.15601979169651864,0.10932600489914189,-0.09030010496752758,0.00466349304115838,-0.03959807553193863,-0.10438900652628853,-0.07613982913011991,0.037186521186641106,-0.1487953046296302,-0.07101774930037752,-0.09441095379341607,0.12138751178446727,-0.12605008878060703,-0.06492224710870724,0.07408433509792015,-0.035694381931679356,0.1292158090082523
param_ampenv_a_sustain,0.07119166932942794,0.07187514831943875,0.06255371072685173,0.11633110836123067,0.1389579229319172,0.08185598904892422,-0.0145231743759544,0.00544128447857898,0.020501848195853295,0.34178286612458564,-0.12957269581885952,0.12755669713527082,-0.04959034908040352,-0.04679926345039431,0.01968263129242538,-0.0624305278424714,0.0756791394970002,-0.05983298724762253,0.031921208642336184,-0.06563260457648071
param_ampenv_b_attack,-0.1023424404102834,0.15894739797361473,-0.04102783362416304,0.15734934479504667,0.15173383776080063,-0.1368123201612537,0.17421156132481652,-0.09367021493431577,0.06999604930093783,0.00852576156787821,0.006800903111720512,-0.05998097517416821,-0.049751194821832836,0.032589226656077185,-0.039340823591630644,-0.03101283349530673,-0.10766585018888401,0.008793121611072909,-0.04692224016388429,-0.0016267078658162779
param_ampenv_b_decay,-0.1255052864716792,0.13574833747165388,0.13631898293343356,-0.05807659147393529,-0.08118341789254163,-0.0255466604451398,0.16796807136129374,-0.03213646996916523,-0.06266099483673182,-0.2657359679515986,-0.007565254617021051,-0.11437048871711095,0.08216224093314156,0.06409054863648694,-0.04601938121443269,0.12790369719944467,-0.07049601346726733,0.034682031915475114,0.09674713220451978,0.060334001850740726
param_ampenv_b_release,-0.04442278894260293,0.17688242291645256,0.12698442928418985,0.09224599939800332,0.09158810062526451,-0.171224281398359,0.06513553193595036,-0.05306979024885469,-0.0638004877657167,-0.05836990851758794,-0.0770062036264727,-0.11976106083226026,-0.05067889249468989,-0.15033248861174953,0.03322940569866825,-0.11081399417312915,-0.028613120212302574,-0.08284162299306826,0.07492866773258194,-0.042878826278084835
param_ampenv_b_sustain,0.2147681344771769,-0.01619783463760459,-0.011670762587765005,0.08497502635885328,0.0076493222786740145,0.0757501647939546,-0.07158225422186529,0.11440116329558422,0.054498751388086394,0.2532694325967923,0.04105424754237194,0.12903659073019466,-0.09677456140709405,-0.08313203281872944,0.011480046417505219,-0.09149279064869933,0.06271111171736031,-0.07159841323821796,-0.00984582399417816,-0.021522664451394613
param_chorus_delay_ms,0.005333188937612816,0.04342606231305597,0.020879449122235327,0.036791890160783824,0.05535916452647929,0.040823388781801084,-0.09128550684662665,0.009376720237869896,-0.041491276520732645,0.0036472965396367463,0.12640571506738968,0.022848971008943536,0.0059726249962591405,0.07265366757576933,0.07863196091423286,0.06210584903181414,-0.015985187389387374,0.06000587343251354,-0.04492987438539696,0.029737883862868013
param_chorus_depth,-0.061334881507484035,-0.05234462159252383,-0.07999014663610321,0.0934828973368364,-0.1111533682662077,0.0960122425423289,0.11850383372500968,0.08926405892592872,0.07445235409279811,-0.02765080617460304,-0.09202284110954007,0.07286911094822585,0.06450951686192657,-0.05114130230313077,0.05955602943564528,0.039274223852690304,0.07456199952850444,0.010540742759123298,0.18629126655649753,0.06276948069740995
param_chorus_dry_wet,0.03969387563032865,-0.009348197481649508,-0.012776963931489194,-0.12004599395155047,0.031289265478867026,-0.09112957990474108,0.003223220336209476,0.011145258503967734,-0.004824000658674249,0.00947841892481427,-0.00972469879792677,-0.06373301792536684,-0.025954174422233856,0.02385069067462728,0.04978643406917174,-0.13586652288630205,0.10913146826579379,0.02215866054225058,-0.04684444779957386,0.10880536385148876
param_chorus_feedback,0.05137407747803179,0.04434056612732413,0.1457263404379726,-0.07351372807504405,-0.01348522304559055,-0.14931208568220575,0.13567776707079196,-0.12923920232796723,-0.12198649169509895,-0.0915658500721277,0.025385539318790683,0.03368048766261148,-0.01856351485713198,0.14894660096210627,-0.08212437079395746,-0.044424054921504225,0.15564238221217686,0.09702722290573003,0.08711409391844824,0.030566014886033367
param_chorus_rate_hz,-0.013803638018738457,0.04270660924021153,-0.008087994054755819,-0.03717972806580336,0.004395808169569193,-0.04716187538032771,-0.07320354924460243,-0.21224821410837463,-0.09812287873258224,0.0042753561049259925,0.09604394341097316,-0.018381922003524287,-0.05392293099121895,0.08194186859004995,-0.1910656253446992,0.03615805477848914,-0.1557088073559687,0.027541758433090986,-0.04150579741594375,0.0008875621607974393
param_chorus_width,-0.009598076817685252,0.015115334392461592,-0.03216747284688497,0.2056785733734657,-0.0613716799918137,0.18789038264189234,0.08327639810801621,0.1306505670728545,-0.0007530677679214726,-0.017575705541899272,-0.09751460354502736,0.03898130312171996,0.01602385706684877,-0.04969331935608559,0.23669699085782672,0.039018303175165886,-0.060058730297971846,0.04894210929021128,0.0023237224664416634,0.07870085871251478
param_comp_attack_ms,-0.02062519512602544,0.05403171055800229,-0.027984606694619205,-0.03027544783688535,0.01929158186923302,-0.01850183511048617,0.004126208592804222,0.03447257315711105,-0.07161271619242277,-0.10577464563624298,-0.028586401354970772,0.05550935013748026,-0.14389181054509687,0.017396142101347448,0.08613855588081673,0.0007176671506747001,-0.09304117287055154,-0.08829977233974395,0.0072732771933775656,-0.09110852157013336
param_comp_release_ms,-0.06395626163704306,-0.06722391344207074,-0.04938860919875368,0.11824351933337295,0.0012253451636376478,-0.011260901781136007,0.14090347317914914,-0.09615444219744274,-0.017262307217389417,-0.05472845985336902,-0.05809582265047852,0.06518350935362066,-0.021553883446646098,-0.038644793020809295,0.11078565822224405,-0.06412724688338803,-0.09181618604224051,-0.1711639397380136,0.005185501243512802,0.11209145739024343
param_comp_threshold_db,-0.05468615034736521,0.03301385825771016,-0.09493204325374627,-0.09698511566871523,-0.011559991328786018,-0.11960324785778802,-0.19634383747638423,-0.222448912747093,0.017699451763401153,-0.036887832045869706,0.10455054265027507,0.34279662085059737,0.2564738744517619,-0.1510690141836727,0.13980631676214006,-0.011992609729144732,-0.0976220223865548,0.07429852425744639,0.013688354583582495,0.11526001886682702
param_delay_dry_wet,0.23321600546067164,0.07558196156100475,-0.057404243027319515,0.014598263165797997,-0.07406281438330707,-0.09538433648051257,-0.017920706159929856,-0.015335581512790741,0.02555360416347616,-0.026660690568402368,-0.01864530907112948,-0.03295042289450151,-0.09605593990670572,0.00023306943546961417,0.008781633902836676,-0.022673409033064806,-0.15228557630571768,-0.006292555896210278,-0.10725471071503362,0.11868105574978216
param_delay_feedback,0.22081087900126659,0.08183134051617012,-0.06775890607047592,0.08558366165832314,-0.07073517666282572,-0.07225248968826495,0.027493188517281053,-0.01700348660770601,-0.02059507541528971,-0.02557890603850071,0.02118669128984734,-0.03604994612749213,0.022531549674624056,-0.01431986669986663,-0.006523672211056986,-0.09646181525174609,-0.017059553666931085,-0.028352623450894697,-0.10151100244285273,0.09767637469949306
param_delay_highcut_hz,-0.03551086907599999,0.04375688549169685,-0.07759134948702395,-0.09328305187261544,0.004390831279683694,-0.14043934106026548,-0.19272847203589472,-0.22338843626712795,0.02778635073677166,-0.032050771354481644,0.10268057782863971,0.3304336820461227,0.23544448328899162,-0.16753022884312305,0.15996654428284374,0.005020817517178325,-0.10295915962064014,0.08269825887512605,0.0064595176278245126,0.11153301770440838
param_delay_lowcut_hz,-0.030037749553084473,0.040160548034787164,-0.06560698745572666,-0.04886276579862177,-0.0017764290728107968,-0.0143700867767428,-0.006132896773475893,-0.14260385892933297,0.04352317479889506,-0.036548484805853265,-0.05044091856063199,0.1518797845289937,-0.09618568378596375,0.015586835266346421,-0.07165287352296573,-0.09199227828818199,-0.19586326605618434,-0.03574972484296346,-0.12263098200658265,-0.057586446326731516
param_delay_smear,0.01621127101407785,0.03446954281034874,-0.040491923523024796,0.09353624069449995,-0.1910753693592093,0.05898247300813319,-0.13200211485691973,0.12053497864981205,-0.005361767374903091,-0.10319941428178415,0.08509199976377771,0.006677296516425957,-0.10677666717573543,0.12665055662381408,-0.06989172883002992,-0.003755333693496052,-0.05473413256181922,-0.047726823538227714,0.05774387192023139,0.14232434143450567
param_delay_spread,0.205676136931797,-0.051949843461782184,0.01834686627424473,-0.023160856355977474,0.0590258321549648,-0.14490451680186786,-0.00684563620423001,-0.026275068113885247,-0.09589883684594772,-0.03402850365407062,-0.03646374594172157,-0.043200386336645316,0.07494635654347133,0.01534442532546576,-0.011852005906019952,0.06515629399107811,0.013034648256050482,-0.0695985441347558,-0.09063545198335009,-0.11640620773748189
param_delay_width,0.2214482112518237,0.10606159315143984,0.022979990156212094,-0.0016210028480824923,-0.0943487715711297,-0.09600206020579136,-0.0852971461509997,0.06671368152024848,0.0047539892651345395,0.05804990521490411,0.07259913867929563,-0.052070193803584186,-0.0657263154193201,-0.045635414349143755,-0.07551855295346574,0.0013546292517625242,0.08364420417515395,0.013856617542750554,0.012382538243818436,-0.022490788768072395
param_distort_amount,0.1002573431900774,0.0023634183757347545,-0.04220178327132444,-0.0018150756050317161,0.012938614953503808,-0.1200165239819926,0.0015385812288704198,0.08072691544797725,0.09775672590292502,-0.1593018441055903,-0.07739925265264457,0.011289064714378017,-0.0037890851944542836,0.057967066531277006,0.06919802485167512,-0.0570642697946373,-0.14407491048651708,0.13052790777977147,0.1253156696480805,-0.1064666489684897
param_distort_drywet,0.12314777592379246,-0.0869014208207061,0.07406817946630131,0.043061577480938966,0.16736966698011416,-0.0031141903106302713,-0.021724588169337044,0.07088053783481388,0.07990406183916841,-0.08557841144292791,-0.06223432978117685,-0.09473103617291669,-0.0015622558839211709,-0.04560539197633487,0.009303383729427128,0.09426120533389987,-0.13872467306951908,0.10211290978204905,0.12938230460345596,0.011959688726913081
param_eq_bass_db,-0.03277085257456236,-0.03848051537294011,0.11121019502295493,-0.09926650446384992,0.09080195136318775,-0.12870127637372245,-0.03643375787921506,0.10609154676007469,-0.012512538217112911,0.14619423376848234,-0.03303312455651686,-0.06975246656302733,-0.1104589646798445,-0.061248899656427436,0.13745207246640112,0.10934267365963007,-0.0024455250577193697,-0.01594834239744565,0.3133798346961638,0.0822537615446582
param_eq_bass_freq_hz,0.027172236231182693,-0.046194409268832316,-0.015380328452586344,-0.1911747642859273,0.09594063637617582,-0.12484989056313084,-0.01325313714956011,0.04487770252079001,-0.052441281049115815,0.14197947463770003,-0.07053504682108663,0.010022995162601512,-0.016771092947331007,0.0270220744818363,-0.00023104597950551753,0.06685867320706604,-0.14038438244738,0.0485502722785722,0.10234798168032859,0.05797912513858766
param_eq_treble_db,0.06259159869687583,0.06979262206578607,0.12174572557035006,-0.1782522271076985,0.07660839850693925,-0.12824838389724386,-0.08418051578775862,0.12571773414908677,0.024436162497424613,0.015562503342186777,0.048903363459416815,-0.17044733926780464,-0.03489698851871853,0.050711935503638755,0.04521680173854346,0.01626262680215751,-0.10489648937222346,0.05410916913515948,0.20185090529725974,0.08008045165560043
param_eq_treble_freq_hz,-0.008226739184001708,0.006775923547289414,-0.057996567545354906,0.05966441546930365,-0.01779646084114219,-0.03151243064940013,0.07134192791100327,-0.06879216097294212,-0.030979836265882646,-0.13289287901027835,-0.017094462580537095,0.11014117169792516,-0.02999026540705413,-0.05693573786394046,0.057762722019156776,-0.043887546474820904,0.21195817372614728,-0.07946624502017005,0.0749768617392434,0.05809946288073045
param_filter_a_cutoff,0.043276780634708086,0.012061581522933143,-0.0507592690673461,0.08750667159424019,-0.054135769970425296,0.07006277446355373,0.09895327682525171,-0.11154395951769261,0.0026944890119470133,0.07024564888333258,-0.08367338555745002,-0.00959680514432354,-0.044772845845083176,-0.014813317206707088,-0.0959058224052872,-0.10214211970323751,0.030107773198316076,-0.09749539191365059,0.1467040505438422,-0.06998830035457008
param_filter_a_db_db,-0.038962384867412075,-0.07357627150755087,-0.042463251889810094,0.02962267556363035,-0.015527692580072947,-0.02928552554388866,0.0754586927575352,0.07901699377413472,0.14721001983282864,-0.04288547706097325,0.013280023769490112,-0.01183169536203519,0.014858306920231101,0.016125821262393036,-0.12104094139283322,-0.19281556667554636,0.05339256294764654,-0.06248283864475335,0.05681960545120865,0.018050107543494204
param_filter_a_drive,-0.08329390517818944,-0.009802788099784925,0.0584897645538083,0.008599379338270898,-0.026421917460061714,-0.05348417996654215,-0.008448520791302877,0.11583362194000989,0.20328311490300124,-0.05891759162278027,-0.07105379759426485,0.1054961418040545,0.06680969157522865,0.04280574202533727,0.03705153694394919,-0.1229191634662864,-0.17631777657318437,-0.1177162048801186,0.05044466576351325,0.0704641485276017
param_filter_a_reso,0.04053117996728401,0.012896917865301526,0.034036119311360524,0.08292918525966333,-0.0570026593995786,-0.1248095101940312,0.11478941548033993,0.08142580633361268,0.1581842489582707,-0.016603131392937908,0.018147910267103468,0.10042493903011393,0.11127743521879666,-0.0002017561665695075,0.08939813894165778,-0.04953438068862303,-0.007376414032912482,0.03964331249500628,0.18079761380013198,0.12348815604463988
param_filter_b_cutoff,-0.029866965288291143,-0.13105663647760848,0.006816185773844687,0.07822644538003623,-0.03189234557787243,0.08255665509189773,0.07644570070512362,-0.11392531925633667,-0.020564381441552527,-0.006351375295593622,0.1746041034010777,-0.06299893483207954,-0.15648004907450588,-0.05183113737419108,-0.005863001501418634,0.06265630796809106,0.023482567406499212,0.0680775750401065,0.02445739680949104,0.016184978802188353
param_filter_b_db_db,0.0027778132082117105,-0.19594604999614781,-0.0083922459253754,0.007776675921545103,0.003719707999738743,-0.012694255980834734,0.06822564647816486,-0.048839493465070806,0.0008050823242916253,-0.04783174922573958,0.0782916561646278,-0.028030489521195273,-0.12366883619393008,-0.03932276002349878,0.023541927032315824,-0.045722929344120526,-0.06942603765328448,0.02816245657174672,0.1277974476166009,0.0005549969031903024
param_filter_b_drive,-0.13481033473885332,0.13818222002026967,0.09639877363965323,-0.08675527361318514,0.02497665008202408,0.0032949401352702647,0.026302132604519256,0.17635015607105467,0.12746224121659222,-0.037544157042022,-0.1724840799105228,-0.007577593505831666,0.271969200292751,-0.004348650937062757,-0.07807799518700367,-0.10488476806068994,0.008567845562630006,-0.1430326455238854,-0.10200715851392582,0.02682352920046063
param_filter_b_reso,-0.0007942059394053045,0.12187029377061792,0.1233248998437161,0.048188760968878176,-0.08906239116078146,-0.12729847504314207,0.09583198675400906,0.0505310238894382,0.04602519158559363,0.007518210524315375,-0.13316778251605324,0.04930213356094947,0.17167392134407358,0.07953008840080371,0.17629238478191858,0.01644369232992115,-0.01996101624881444,0.015163928514621448,-0.05901728754233361,-0.20541047091934253
param_filterctl_cutoff,0.03650508544363105,0.03793165268076427,-0.02466537498920004,-0.06909866695679945,0.0009551078058002984,-0.010811861718608064,0.05171083607371839,-0.10062352681108257,0.11508102082330354,0.07304847000814893,-0.031144983960368043,-0.13567047319638362,-0.04794602262599998,0.13148347192179527,-0.041628563508475,0.004621305725874375,-0.1198030702610962,0.03769357926276082,0.012179828472560958,0.0489144034346796
param_filterctl_keytrk,-0.04313095156330248,0.06421534961190031,0.05379661919114235,-0.07979687566924226,0.059821655520300186,-0.09999784820140477,-0.12294898628359459,0.23554349048122133,-0.06302410836721757,0.02574556719207955,-0.07576250091592489,0.02405081675949221,0.13422258097298337,0.06736108898767527,-0.013760248078405984,0.046058561280986475,0.05227286050307778,0.006406750912191327,-0.17878721212136392,0.19107709508877174
param_filterctl_reso,-0.06272296040669047,0.04048006560321959,0.04946867922893769,0.026901395597980986,-0.020108732371009283,-0.04111742352878585,0.016721164230038294,0.0068251799174555705,0.12418487518231805,-0.042775849929535335,-0.018798950052560926,0.13261807347999469,-0.06094572464781988,-0.007834727675199034,-0.16032696601180213,0.12315574517956748,-0.06749952779887158,-0.07969484569666394,0.10451506985621337,-0.08259296132157187
param_lfo_1_gain,-0.005614374843174117,0.13085223598842396,0.14182150702671042,0.04828328984286884,-0.016241099683470345,-0.08459864400695924,0.0034219710916489786,-0.11448672069318591,0.1188758637106584,0.041325018760876846,-0.013603059780921453,0.028484223924641228,-0.06663856656057782,-0.06459413909680468,-0.03771849111370288,0.3537043106582296,0.05489955989378833,0.018179290999669275,-0.009445119874707912,0.043660995819931124
param_lfo_1_offset,-0.04041905488830148,-0.08349538751621755,-0.040549593757719965,-0.013592336641375614,-0.08074080012563689,0.025909902671979654,-0.1476202674603295,0.08655284060972702,0.05776528996766407,-0.023035683345279834,-0.002674303933524633,0.004499191333782889,-0.08427815731103529,-0.05016788854079006,0.21229172681793435,0.18017504839727005,-0.1245447134432358,-0.14556044588978911,0.05643925013567647,-0.11055631299553632
param_lfo_2_gain,0.007061337146103593,0.17758241156976334,0.08105516514724807,0.05277602444198042,-0.0361970393949977,-0.03781512116508535,0.10317740688712451,-0.043728893161868426,0.146973571477671,0.07678510753460023,0.0956838800467431,-0.04649534074581328,-0.1144655051077329,-0.12873737478803607,0.20323963957309352,0.15844684315811589,0.07114223178950492,0.0030351904397047697,-0.11753470186085035,0.06481189467945749
param_lfo_2_offset,-0.023011171719232656,-0.11083837742716604,-0.04311513824257328,0.02424104052848974,0.025804505002546173,0.032766149822690556,-0.19739159771078446,-0.0971475356376087,0.07141737355306862,-0.07853833051014211,0.01133782256367773,-0.06736766754760287,-0.21418639729328232,0.20716031147456013,0.21344552801576563,0.058206240020793526,-0.03840341622861582,-0.14048915891115557,0.051797808174020736,-0.11392176600488255
param_mix_a,-0.015731576689036228,-0.08275491240362193,0.026377649497100225,0.04931140284794016,-0.022040173463438846,-0.09177133528568211,0.01931389304781479,0.0242018574954705,0.29555537892944195,-0.007734130046711919,0.3418047499171715,-0.018825360842381313,0.09508394179195066,0.23940105233529893,0.10380400060213664,-0.033189166361361676,0.11439706310803363,-0.07177137642797035,0.0027664424822921646,-0.09759765081938084
param_mix_b,-0.0014941891093575817,-0.026412324858055152,0.011552497985502288,0.10851481187641118,0.05055690909872211,-0.10465827587830438,0.06360960623016214,0.011859777548036368,0.1642582714740736,-0.018282852004899642,0.40983293810861615,-0.09716625251383536,0.23596686062456537,0.20874292410705123,0.00927112135949699,-0.012760365756932037,0.12569076494605144,-0.00698780762854513,0.0642519928618093,-0.07983183570997682
param_modenv_1_attack,0.039258999329882374,0.08486688270801432,-0.003881324418941511,0.1928863672406224,0.1428419103697323,-0.07668928953326125,-0.09634801788305745,0.1424174027672364,-0.1433765619177231,0.023435280262364057,0.0886911063252045,0.11756400893320415,0.0069384745406467635,0.10727903856520254,-0.1557282293696364,0.05059774436711762,-0.10457348098835308,-0.037152114528992766,0.038451767965308886,-0.08129856788100828
param_modenv_1_decay,-0.01518099100975108,-0.031188802815271532,0.04434088124388109,0.22219575912977022,0.17003914280286925,-0.08262975910259969,-0.021617483816286136,0.21312357701580606,-0.18840394647881023,-0.06340455878816725,0.18439688309469804,0.1757934405096867,-0.044812192067728344,-0.07874770247246095,-0.0034955778912806627,0.03674012404844891,-0.016452891109512296,-0.03364252140185176,-0.014270911614051437,-0.01294874292388596
param_modenv_1_release,-0.023711969703859415,0.0032175578144178975,0.052396765389054405,0.19782382259349485,0.20735608303336642,-0.13657991150204382,-0.006798355904242452,0.2179250500585154,-0.2203178894016294,-0.05131475841027952,0.16769493103521826,0.09593642895064983,-0.019474783868618752,-0.06926468018213677,0.026534500773566946,0.02928048388927278,-0.047720495044366366,-0.021829581990156117,-0.0204164965140842,-0.037632775111713944
param_modenv_1_sustain,0.0024740761410134613,0.0134402568786751,0.04112674544223434,0.1050796203763402,0.14420285421932344,-0.03875107421195447,-0.061650337072208974,0.043943211726078284,-0.12424799216064374,0.09776273932756274,0.011526293430990368,0.08475916143917163,0.03614493564968625,0.17886594312672072,-0.13984374234633137,0.030639319453972698,-0.10388689896378289,-0.07673222443835938,-0.05463631832650524,-0.09497489395308374
param_modenv_2_attack,0.044019318765640865,0.06319261045094399,0.24797645331716955,0.09596928369439016,-0.01999866790439916,0.1262634742616982,-0.15008938157037274,-0.16703770825660635,-0.12031846247299648,0.09692419003633684,-0.03060240107102878,-0.0015366576017602478,0.10384347454592463,0.24117445195599424,0.04032010475000871,0.0017282187043739785,-0.021256431933216125,-0.0012388753844257783,0.06638934991782112,0.1154340232706287
param_modenv_2_decay,-0.02228536002941263,0.012967596663382406,0.30663324870680786,0.022464106858334863,-0.08187255197372063,0.10590948190736303,-0.1450508557668314,0.0071434887081640265,0.023438416537791548,-0.1251494121415971,0.10084404600743459,-0.03913260203081963,-0.0345504206280645,-0.14269982633525488,0.012451167330436268,-0.2435897844717465,0.07647338036250653,-0.019685561843658966,-0.05703303096440288,0.023696288012509493
param_modenv_2_release,0.02442266971056815,-0.00797821410977432,0.3580024697014028,0.06014693477679051,-0.029969212331324265,0.04846588554204311,-0.1512331569744904,-0.12526645402409994,-0.05373666810203198,-0.03567075416967121,0.04927535107773411,-0.09003682018107059,-0.03578493564049073,-0.011797070358503468,0.10100923547094887,-0.17896603582598428,0.03769584409698614,-0.038473822521198034,-0.02374816127443987,0.05568115492829232
param_modenv_2_sustain,0.0732083063085477,-0.013939001423434013,0.18502015537511954,0.10563623952160987,0.016095756240403842,0.03182310002433618,-0.09903434056390774,-0.2062776693185881,-0.1715667006159014,0.12198007319189197,-0.11406722234812951,-0.023623220131747582,0.12449374876270489,0.25369851652230146,0.08638673352864018,0.0635360543320913,0.032873941083200416,-0.029063127552503117,0.04450305653303177,0.04757409110346351
param_modwheel,0.015388623696730459,0.015093240255936615,0.07566737198628415,-0.056098018327806747,0.012228039105161324,-0.10366925921050053,0.15904571152198826,0.013279607227542758,-0.12167345477821782,-0.030541681287100487,-0.005044843476010594,0.20867928597360483,-0.15717089597353026,0.03425640051758818,0.07898115552648009,-0.07344681358137428,0.16635064991903992,0.01674406943535004,0.0989088790765605,0.0389590611064388
param_osc_a1_detune,0.06408044063454023,0.2134048988042455,-0.06700406997222591,-0.1069757429476005,0.11163575436855662,0.09369324366719237,0.048099474733698494,0.09936034883140617,0.05077075915398922,0.08855282352876764,0.1353177917821849,-0.013502517619538641,-0.017671384197617147,-0.02087026238455427,0.02453751801817779,0.04031581987242842,0.03352293451567915,-0.011933384331096381,0.03708024671222461,-0.05051356166978791
param_osc_a1_fine,0.007227239012039285,-0.03016464912447436,0.02762948329351144,0.014966091424947866,-0.020400017545252717,-0.08807389286097972,0.045469186685786804,-0.01750389428737458,-0.054136794399298804,0.0006822941598039022,0.06598856448764216,0.03128048512028694,-0.10281698973996983,-0.0013224460720131887,0.0855715825001793,-0.07944967476254768,-0.020886978108750148,0.144865074671672,0.05560948104606946,0.15601776986890697
param_osc_a1_note,0.006902929166283701,0.0008121672638036758,0.013739332152777364,-0.011404095317388166,0.008988167063348134,0.015083832859431904,0.0015568006904390507,-0.005101374259560653,-0.003080541105707298,0.003613216102899979,-0.004428441320433357,0.026557198404628207,-0.01060014426732557,-0.008416552547229809,-0.010242876137351005,-0.02944523840992986,0.02296437178301802,0.033701752961648825,0.04336358565566567,-0.0091655656357087
param_osc_a1_octave,0.02014637782350249,0.031132997055719137,-0.08031684900898135,-0.016679333724199514,-0.009257386806052561,0.0163223812278496,-0.007090939497141493,-0.052418845807831634,-0.07586461787961242,-0.02251992816964346,-0.045869216266789775,-0.13065445848128596,0.052663021357240325,0.0788229455988433,0.03573285418265342,-0.10616022824165387,0.038131577116323916,0.08057558162180953,0.06089629312544814,0.06931022576825158
param_osc_a1_pan,-0.006417661433973952,-0.11583617305756319,-0.03326386625792867,0.13807682868458507,0.05396427857637239,-0.03645068554774521,-0.17037186594278866,-0.05816412933442169,0.14844764790037257,-0.00810944802810855,-0.006621125529044136,-0.1474435270241498,0.06774234628728944,-0.13396694413292762,-0.038305644083017384,-0.014587773203673176,-0.1973942851739453,0.07217206089608807,0.032044900184969534,-0.02363195704034446
param_osc_a1_phase_deg,0.0482139338623428,-0.03239740426163622,0.18512390125346825,-0.15753604517152905,0.043005754572578755,-0.1892017375032298,-0.010487625651072904,0.015030132076900255,0.12116025025964403,0.041263926720824844,0.03663109999188476,0.05981449454572826,-0.06372587600033097,-0.09727387061549685,-0.19635610914355,-0.09521449789295462,0.05794816674725528,-0.008011500258417101,-0.05951310362404539,-0.18592908814782638
param_osc_a1_stereo,0.12343975268675689,0.1591805603856137,0.012841719890419637,0.1215712391016405,-0.07531203610268533,0.03557458945889496,0.02746159025879788,0.034507172302063016,0.0939959938495674,-0.031348921504261995,-0.10957537933464476,0.013257181995370956,0.053937841228331035,-0.10980816982768228,-0.05110252007468974,-0.017570370151995984,0.013841942361352805,0.11266770441420262,0.03582324426899405,-0.045847026537063344
param_osc_a1_voices,0.012563547240508581,0.12973933447314293,-0.1194877584902088,-0.09466893272195016,0.10486726107389746,0.10000495509513016,-0.026318130035797038,0.0591747781247383,-0.044685252845317054,-0.03720164459609704,0.08140831826957573,-0.09063468098970222,0.0442044854245507,-0.04894596025056053,0.08325886620103895,-0.03399291030081495,-0.06552857826720249,0.09981250958388785,-0.10959456097464484,-0.0782153499427087
param_osc_a1_volume,0.03821897022030837,-0.10497911681967684,0.07215731735031733,0.017267008710423307,0.07300616837650636,0.1613188443978451,0.11330257902131731,0.0007346801703993758,0.09324547504745508,0.05986128328957591,0.07444163364236986,-0.002649963581201362,-0.015344036735232984,-0.05880614432560564,-0.012098657050669526,-0.05342216046842473,-0.1741895014456682,0.18522182848588484,-0.06024511971541622,-0.02026828333326622
param_osc_a2_detune,0.09241874475030144,0.20170515389551427,-0.06973863625796878,-0.16691921632108675,0.07678528684512184,0.11708267202074193,-0.032999390986294244,0.13064536252599498,0.07632765669414349,0.0420303963654364,0.13342409375981226,-0.05994496237745044,-0.03455676480029016,0.047656753809691754,0.10276111216864997,-0.0023901918591153278,0.027145777458840267,-0.02656028522692282,0.053904687671281044,0.008201969011955206
param_osc_a2_fine,0.027801925658272716,-0.044155937689299644,-0.062104222628786405,-0.07322578327448309,0.004163093585720795,-0.1782119834668153,0.19770364898100964,0.03525295580476103,-0.13219257253869707,0.03601352987145996,-0.06769238823212743,0.08882408079924467,-0.10275195732018855,0.1385999823148178,0.13734054306477395,-0.13726591534806326,0.05239643565195111,0.03194132173459151,-0.004662596110325896,-0.037342708604723836
param_osc_a2_note,0.015233356897022028,0.01854521952011766,0.01727463282266487,0.012453884834882493,0.003894859160598963,0.030228975522480255,0.01620964072549784,-0.002200242035058693,0.037362610312121104,-0.06761579614485329,0.032175834117683724,0.00029369886014562774,0.033950303853734015,-0.00584298146553752,-0.056036753455372346,0.0666274636916572,-0.07256213173587227,-0.0022755161729233553,0.046758639856699875,-0.041606277148434956
param_osc_a2_octave,0.0028719267045664728,0.06545055790314287,-0.05052556306276136,0.04748819547887991,-0.006047077118781652,-0.011136227528219316,0.019029207392088743,-0.07012916338856019,-0.031131314848158256,-0.07860182887121268,-0.06424652322722631,-0.09608819564911358,-0.008146254179522756,0.08451961803685006,0.062469942364782045,-0.022103899107562264,0.02259771362479167,-0.028674161090250908,0.025524803371728244,-0.0512217376197859
param_osc_a2_pan,0.06604912722667451,0.05199621964945681,0.04125104996052178,-0.1382005426991593,0.10782403480750861,0.08089134310988531,0.19713085989775653,0.001342377739614044,-0.040338211556856254,-0.04647961666711485,-0.015718962966514524,0.1740015217071884,-0.03287530261447975,0.1689954921500626,0.015237671594297706,-0.0535880605530448,0.05940518427049601,0.111760211995621,-0.0886517040633486,-0.026613874667759017
param_osc_a2_phase_deg,0.0677810376349024,-0.06197619029900654,0.20201596683666753,-0.21726491923646446,-0.01475805160838873,-0.1873639592222763,-0.03028956605621466,0.1019256357685552,0.024350378654117086,0.17303979866098654,-0.04773112804369033,0.018811417394029997,-0.03318400069751459,-0.07474371892303651,0.015705209561205236,-0.04451528492530176,-0.08767474144440657,0.0016765619107453886,-0.020479497367756474,0.04278002946806504
param_osc_a2_stereo,0.005848143180020744,0.10256223639598773,0.01421834571307756,0.19240745917819468,0.0938990422924139,0.11471736324293914,0.1617154550391982,-0.11996573745894223,0.01733618507372252,-0.050751397897051596,-0.0988386441470065,0.03615306484039564,0.037628559376542706,0.11828290979813776,0.03188094846378922,-0.003948034924397037,-0.030033981201636792,0.0892074613851187,-0.03963259949976336,-0.059862535622720474
param_osc_a2_voices,0.028067743928853476,0.11938270373956347,-0.13545062208559375,-0.11368739257400479,0.07304785063923608,0.1078381080417935,-0.07567247250240901,0.03555172479522187,-0.07407849354167269,-0.02772596475959352,0.04607011794617676,-0.06763293011164215,0.07255340163057082,-0.09480203363043149,0.09685415630507356,-0.057144641045008424,0.04417161923318709,0.13226842559923196,-0.034725550621286974,-0.04695757692797052
param_osc_a2_volume,0.09876142919428522,-0.059863550276768096,-0.008572445353551885,-0.03421493483562086,0.02065665819357878,0.15331935243384082,0.013914447751122707,0.0052199372895642875,-0.05009313469492434,-0.0534054642058814,0.0041608007105041695,0.04593851250917395,0.01961129878762499,0.11835377579240672,0.028184093202196333,0.07588744094687054,0.04457426852192688,0.2864128197750246,-0.11796587934426425,-0.04502786868846381
param_osc_b1_detune,0.0852627804938581,0.25857571980549604,-0.06531048009563242,-0.08055612824493455,0.08023559464000049,0.08535575801956824,-0.023366883805190242,-0.0006723477199279687,0.04466734173511439,-0.06134911899255037,0.03517593881973102,-0.05105781662190779,0.037750460098786784,-0.05265141616309706,-0.030150352242446388,-0.04499575943915681,-0.02947432850773765,-0.08923187269196672,0.06232043492048099,-0.09964342174253893
param_osc_b1_fine,0.010173174457084495,-0.17077296275783665,-0.07174084053464887,0.10870960393937933,0.028318671334089416,-0.1998929707991232,-0.017626948534042435,0.03752940912989239,-0.07713647188602288,0.049486461356933756,-0.08732579111442826,-0.1805330816335403,0.20818749768280023,-0.08269082551838969,0.04730263580444745,-0.020738421537536855,0.19889064845692012,0.10673147192683267,0.03940781793571658,-0.0669123179877713
param_osc_b1_note,-0.0072206653568571,-0.022218386494782413,0.013623086536824971,0.016923085413727723,0.011107579660166065,-0.022717396198551724,0.03674664346105056,-0.0047487114218987235,-0.04446989993079336,0.0008565152672377682,0.02444156084634181,-0.01464447413166523,0.04000980957385816,-0.02847314017649824,-0.02279763189680745,-0.029493717474613258,-0.0311260291840357,0.02704405219761547,0.025605335462238022,-0.06866222411651081
param_osc_b1_octave,0.007696038125924962,0.027006999487984896,-0.04067922150386536,-0.003809922550690617,0.019717470033955294,-0.0066740977160000565,-0.007489912778168255,-0.024058483638665168,-0.11255736001055709,-0.01021535821097845,-0.0517570000596669,-0.10909134104859745,0.010807986271323114,0.013944579197834792,0.028222230303194373,-0.10904414929897417,-0.007495125837820977,0.06928241102624196,0.09064092123352943,0.057164121660906585
param_osc_b1_pan,-0.005026877922992859,-0.0370947502080829,-0.02865274726707485,0.013727171808537891,0.11607074225605653,0.020459505095173892,-0.20230444766691344,0.002930517182897203,0.032997146799539995,0.03563598568489747,-0.10066697119527374,-0.128037001826371,0.006185002969745201,-0.03889248549148749,0.029903673904780725,-0.052090711888450394,0.004581763793054099,0.04123649859241264,0.03938598239974902,-0.024688863927673162
param_osc_b1_phase_deg,-0.17098856434311216,-0.01278267963183304,0.14614497226916395,-0.010478441013050978,0.10744165483485418,-0.016780560992490357,0.14928914233232357,-0.03092575074699867,0.08082691154845996,0.03734157605271355,-0.01833763879766813,0.05345735253810141,-0.1535224890402477,-0.04901173138843523,-0.008867379517048298,-0.09011961615754453,-0.1603901564660297,0.044827137843991324,-0.16570805670008168,-0.050146158835479154
param_osc_b1_stereo,0.1181554119401677,-0.03665950046074193,-0.001294956195641876,0.06592736237988761,-0.06766927236312645,0.04393129574813457,0.11445880511641186,0.047602851362403636,-0.07739403489969228,0.10822215993122963,0.02231903147243816,-0.04379192854065264,0.18326633695988054,-0.05345312407509319,-0.0623166477150001,-0.07179729159185205,-0.09658963538525898,0.0323485301187407,0.059755833943099246,0.18360127984415217
param_osc_b1_voices,0.016009756813139358,0.18222278635025033,-0.08214538754075253,-0.024680547800311852,0.06900141474890772,0.010060902235220147,-0.04581749666982755,-0.10292311530590259,-0.06942698093730164,-0.06005647547115789,0.041156756618967165,-0.019543063741495986,0.025952329570068617,-0.1252642903847679,-0.018767315500975275,-0.028257711202690397,-0.003303644055183453,0.045268946870023974,0.1371338624077778,-0.1394437906486139
param_osc_b1_volume,0.15921798707226745,-0.08135242710178814,0.036684265989959296,-0.05801128509542946,-0.06668463774950797,0.08346032949069979,0.04855417471316034,0.037114881130580216,-0.051493960463759536,0.07461729803951236,0.06859648789986043,0.057314801862031375,0.019128935414884175,0.01638960539865574,-0.038516539243301805,0.10097460071217616,0.004143084836398412,0.2615963043184242,0.1439004893743351,-0.10389363461463315
param_osc_b2_detune,-0.010410056014712598,0.28326829132153175,0.046432183466653426,-0.11267977013952969,-0.012493588332631922,0.1292143439345755,-0.004363068891854427,0.044934913290188415,-0.10021701748647131,-0.042935579378558006,0.017263767958789665,-0.08871498783065292,0.08533013524796924,-0.02673589109631779,-0.002055658143279673,0.026972019473596322,0.026045523855020014,-0.20503444036856505,0.09609533030560834,-0.08977599142032813
param_osc_b2_fine,0.0072370933096891354,0.1630735343398724,0.06725749835077922,-0.08450686615154625,-0.0014776327167868386,0.21750112366928448,0.03696441589367014,-0.033869037451694256,-0.0024904247175979075,-0.0005885119385948349,0.15858094967366557,0.1898075771383625,-0.17834073271887063,0.007911729707960353,-0.05696020510991833,0.036800881976289425,0.02117497146664831,-0.035974290021762584,0.07627596392601674,0.17836045933111258
param_osc_b2_note,-0.00045211634136015246,0.003892270968890519,0.011827830887368641,-0.007906891014392563,0.007620411935663206,0.027578844215460238,0.028596382194452395,0.010125145773411521,-0.01906812548731013,-0.03646013623890991,-0.01083872120712446,0.0426083943122423,0.0026985809121017152,-0.001154065806229503,-0.03993272667427097,-0.007108673619315029,-0.12858176856551995,0.019295042298723024,-0.004394107023205557,-0.06705479090005503
param_osc_b2_octave,0.043379765321888517,0.04631810762689422,-0.03955846785544606,-0.019757027997177674,0.017737379859182542,-0.01771340134775553,0.012744442655583827,-0.03317288510606407,-0.04347671345561468,-0.04542263020022661,-0.053602112655352294,-0.04626638214489013,-0.023802717109467693,-0.006418302274569439,-0.05453201647392717,-0.020115896439876844,0.04016700283030323,-0.0987549115244898,-0.025938892970158382,-0.04704667946117591
param_osc_b2_pan,0.04441916996065109,-0.09805800092088435,0.07002769303784931,-0.11055741071596029,-0.08345966625432513,0.045004364344833216,0.2041008767468521,-0.11121368271751216,-0.164359429754874,0.024473353387749506,0.13259038758184763,-0.006677460738888967,0.19520444018078414,-0.1746121614843979,0.059256203341054095,0.03194426442508445,-0.030090949274223545,-0.2280458535274944,0.011925237457425152,-0.08416695784273467
param_osc_b2_phase_deg,-0.100461969482903,0.12105188460260063,0.05501509734921027,-0.1333022783744135,-0.13759513641340576,-0.07524132597557871,0.1321524407286341,0.14529960865308908,-0.10415298644769076,0.07313259554450435,-0.0728236879366031,0.06340791049067544,-0.04510856224016043,0.14869868768278324,0.14847897215960643,-0.03972572792649637,-0.19702371263692395,0.035156741119554066,0.009995685826386125,-0.08812157057801277
param_osc_b2_stereo,0.25279347827698395,-0.09547014591361298,0.04359809984988694,-0.021853856858953122,-0.12156686866940909,0.003271251219120092,0.13698853767045696,0.017900333393040875,-0.0608766110420566,0.09720160459679598,0.05407446896320343,-0.0035310966724322883,0.1347353019722029,-0.05461684299963488,-0.017596240062529942,-0.027904881834757648,-0.11490306503129284,-0.09356420842123556,-0.03689770740576517,-0.05623629610610937
param_osc_b2_voices,-0.036795535684422016,0.1382435809760944,-0.05067744419233719,-0.09584578680012648,0.033835633493404314,-0.004528502441331774,-0.046664480050071934,-0.12708909856436257,-0.10867731285102103,-0.0848951463487329,0.06311295896094016,0.032113089318996806,0.002562167675044764,-0.07591836166406797,0.07061933344307024,-0.06689737826652503,0.04297035683938394,-0.059230099969056246,0.1348727507773537,-0.12134090621847982
param_osc_b2_volume,0.1046642834482626,-0.15436047985438436,0.10976088304027466,-0.10417594668381734,-0.0029398588791527853,0.1367823091112147,0.2017320916239705,-0.049672158450785674,-0.04498661729948382,0.034598907273545726,0.1252311484842622,-0.021858399975848167,0.10990230350436403,-0.07832626424166626,0.05048577708271903,-0.030793366286322232,-0.10333177827766261,-0.07711458048366529,-0.05899856012652449,-0.10302197907543117
param_phaser_centerfreq,0.17332317055162996,-0.07439987553372705,0.042646494910884576,-0.04878896474098207,0.31307704967474415,0.10963680736218989,0.04679585914538547,-0.06823847666536725,0.03446119474388637,-0.12801186676291218,-0.008798509666524852,0.013687921291481445,0.06763369556064242,0.013523671781898634,-0.01143810353198373,-0.007518794427566963,-0.1095583233183416,-0.007361223359979204,0.0515145626081866,-0.020700644638387448
param_phaser_dry_wet,0.21648762030468727,-0.035435457256749764,0.008161705532474998,-0.0039594364948077375,0.044039196699079394,-0.020315035244642086,-0.06580354194814729,-0.03558825550048375,0.0834503028802889,-0.18638720010708815,-0.09953427865642922,0.028502664600272013,0.04873474925228079,-0.021023638275646045,-0.10142769470728065,0.0764525917801836,0.10348919824884738,-0.1665295598751277,-0.0617803467925985,0.06785806579497941
param_phaser_feedback,0.2133219827460962,-0.08763632055545043,0.026288428702688642,-0.035112816772267574,0.05947361971296267,-0.11870827018119101,0.009075241236901049,-0.0412755712214002,0.0639292666408254,-0.15243514996325402,-0.0714793868718821,0.05496899250408892,-0.052922198070752616,-0.0085555229327212,-0.0486860095838705,0.0719884006929688,-0.010621920032644058,-0.1010185488166591,0.06618433720358229,0.11139817445841606
param_phaser_lfo_gain,0.15147622776153757,-0.029502812819071918,0.009153280749737676,-0.06280502258842742,0.19104102413513785,0.036394568300317044,0.008914342654273582,-0.004281601808756194,0.038080876523264924,-0.07565336993183966,0.004507485430236757,0.08386517909410246,-0.06613141162486676,0.07062275566625519,0.12599910558925015,0.028128622145241033,-0.02390799661951219,0.03718235551642096,0.06929127964477128,0.12516166568160236
param_phaser_lr_offset,-0.12737075321120447,-0.007921152921435219,0.06574645514202535,0.03656732683633543,0.154699434125258,0.07443539285490648,0.07283247411045378,0.03050275827654312,-0.043038969079656306,0.08351160262461042,0.04341020787798843,-0.10108713028755453,0.18344708975949778,-0.057603418429605806,0.028120549298441877,-0.10281995356427477,-0.1461721335228256,0.013487578005194097,0.16209442035623844,-0.06382376246882297
param_phaser_spread,0.07222813394238783,-0.026679729138406,-0.010776491194858245,-0.08605113925756745,0.2547673503517327,0.04567852899346938,0.054941603065779596,0.011440503429017241,0.14039148289761316,-0.07547513816368631,-0.12582449803243229,0.031927918154828025,0.002954201956240959,0.0026883369175313533,0.06761002382585901,0.009707183155649689,0.1588274841891686,-0.028763527036118466,-0.04736354101320771,0.24947293533944132
param_phaser_width,0.14326671425685628,-0.09765428719361112,0.07256473306371504,-0.038272238845439635,0.33678036989090343,0.12451805817514723,0.07254692527311339,-0.043430151937156825,0.07814738791982244,-0.15282962818770643,-0.08204216107675304,-0.02323335065870008,0.050460463093412705,-0.015279041018040293,-0.007585375895940212,0.03654560375783195,-0.039025699196842144,-0.05938631480456682,-0.049448668549698906,0.012819982918861278
param_polyphony,0.0077505268088776105,0.08321182897203093,-0.10428741778239313,0.028174325425674284,0.08532796136569097,-0.09816035026885551,-0.06626994863116228,-0.13725429186242208,-0.07723105920289614,-0.015899557726939923,0.0357329979606881,0.0021397340993146805,-0.021539256831337304,-0.009584818810204692,-0.011704727861940387,-0.16213849924250606,0.04196105586956638,0.04220602052483873,0.01587492088684263,-0.011692897841601348
param_reverb_damp,0.08427409861693923,0.029516270824157663,-0.060378998757898074,0.00823159747393993,-0.10399773539369526,-0.013662507072528056,-0.034542408506491366,0.13733942350404862,0.04602831757082438,-0.1612778925081333,0.03751588703762444,0.04480459057764154,-0.07002328072995859,0.018488025299911465,0.0873699154730286,-0.008318540833624733,-0.06424273572944585,0.20621996886273347,-0.08778738184002738,-0.17363165270283196
param_reverb_dry_wet,0.1468864290469354,0.11568846157830635,-0.01756226557789963,0.02311929149663095,-0.11114449668770751,-0.1093433199271143,-0.05293718045086254,0.008463584062963892,0.025929369813039897,0.06254395815107777,0.07888812129126978,-0.0584282974829955,-0.03890503921847487,0.06797567176622671,-0.04949643770306369,-0.02256492392974809,-0.015281254037893334,0.10201139061980923,-0.14490238643827608,0.022851694923174733
param_reverb_predelay_ms,0.1871239493976571,-0.06987545957468412,0.016400365561663185,-0.06876013755942093,-0.1081551787182104,-0.03466460638586743,0.03259899231440096,-0.029346464812150544,-0.08344474507949959,-0.032248244038611484,0.002576682437891233,0.0051942130728288355,0.01675931141088739,-0.060794256864053466,0.07130477125851746,0.0351789323197581,-0.08464741258712531,-0.16596836802334725,-0.04847256672402417,-0.08398656732466925
param_reverb_size,0.2433346109301423,0.07198294795567833,-0.01963389454270845,0.12921527655398748,-0.10401396728366563,-0.0014375622663493242,-0.009702527960894951,0.03538297792398186,-0.021295467622893697,-0.1425162391268467,-0.06059293959366364,0.07404947191288022,-0.0018568382672638222,0.008620105052057903,0.08990589543408753,-0.0760753191937037,-0.06812936596846471,-0.09738074016435895,0.0660149193017708,-0.016625185296175155
param_reverb_width,0.2665921399241206,0.06244821657985989,-0.023385361742899905,0.13616948142255697,-0.15588561415681645,0.04625802525967282,-0.023907048893978274,0.07474922521025584,-0.0396155359723886,-0.07081625198336858,-0.01910382318409188,0.06109163508575318,0.03780705598210641,0.01563065026867733,0.0054876651178914475,-0.03686438164128194,-0.06363140524681478,-0.03820860163777746,0.11697056975447283,0.0029530952978760153
param_xmodenv1_dest1am,-0.06887478872037646,-0.060952150525498086,0.05851242480098236,0.11913902091640842,0.11116469399193651,0.010096455518494252,-0.019821424844303784,0.146184307447731,-0.111927974968692,-0.06573196729166586,0.052636269026834215,0.10294245834295061,0.010054009801535901,0.015831968155238563,0.10356032523932353,0.06296464395851693,0.09130190488537437,-0.10550033815662095,-0.03469189586462062,-0.04923427578570868
param_xmodenv1_dest2am,-0.014785670470566493,0.04056492031844034,0.07019624460711323,-0.0026860483984167223,0.04176563602412859,0.11900765735580672,-0.022696336995792866,0.1453930563788397,0.022333771130778363,-0.04106714659172761,0.02689899560995514,0.06996199545214427,0.08739635503573955,-0.010839203366920949,-0.17004179183137197,-0.10137606375716188,0.09933217153044695,0.0033017247848527403,-0.024574830125545913,0.17848072894685804
param_xmodenv2_dest1am,-0.01037583005102916,-0.006529164829224322,0.2645591547556455,0.027078394690969815,-0.07866313982478644,0.04500861454374294,-0.13101466109805224,0.012479439199795528,-0.021686548473237473,-0.07792194234041087,0.07067010784049639,0.0017602563601090064,-0.058828059344969756,-0.05473036138061022,-0.004958003013728305,-0.12712127418232586,-0.03279130482682581,0.07015487315228192,-0.0021767171989384984,-0.017696325653854143
param_xmodenv2_dest2am,-0.021084377454174557,0.05665223932217553,0.18256106454888493,0.0279054311783032,-0.06969528197341197,0.1357583687097154,-0.06977905713229259,0.029872798782270598,0.06201606597485954,-0.025850831852678825,0.01740887294787143,0.09068570523064041,0.0014313028797796473,-0.0023231242362505605,-0.033898126389798625,-0.11582258339107894,-0.054882115259700014,0.10995232280850782,0.07836754019540619,-0.06784723911007855
param_xmodlfo1_dest1am,0.01897264981888346,0.10967762195049745,0.1398879359308506,0.10779081672779824,0.025330536979863694,-0.04823497540097083,0.050802010696476135,-0.1109734449015842,0.06446001679593315,-0.002702790482291134,0.0019212883134519475,-0.012199230422655577,0.04426662922560979,-0.04239831913115654,-0.08706941210663104,0.339377903701089,-0.028066036922413225,0.038678285149637656,0.04352094417613531,0.05152356425863338
param_xmodlfo1_dest2am,-0.037932983278926254,0.02576544329453815,0.018616052342389933,0.00987610475153752,-0.06406577531132569,0.005705824763060524,-0.04184273115732913,0.0391429860730447,0.07629214676102945,-0.05934926954642698,-0.11072818530703196,0.049265264149337226,0.07413532863112518,0.2647575072161649,-0.010856378995534596,-0.0753545942154768,-0.19133929696094767,-0.05092201638042935,-0.00033818176227469937,0.03187494562540341
param_xmodlfo2_dest1am,0.047179281433927946,0.14179730098549417,0.060710764748658684,0.10234182368940603,-0.03537292792829221,-0.03407091426333377,0.20604631170761642,-0.017378949504857105,0.09612170491291348,0.10489973576155706,0.08909819362577304,-0.06039058719475925,-0.03692463007404944,-0.1664217627219932,0.0879116652381233,0.10733041323763108,-0.047149271790021346,0.02268924431801676,-0.07041821714224787,0.11905693600764661
param_xmodlfo2_dest2am,0.034194734219965515,-0.006388434208326248,0.04617876087340547,-0.002793595371599646,0.0643436318976728,-0.03236313505702429,-0.04152969545643444,-0.05286135637283357,0.1312671047366122,-0.08477646622260418,0.010698630665540615,-0.04948280484218091,-0.09390185397506504,0.01834730953410497,0.22475212934598468,-0.04145957629538525,0.10674570688012357,-0.1573893492818295,-0.10494142329768025,-0.17277677432058566
param_xmodmisc1a_dest1am,-0.059089699584895045,-0.045196938749398986,0.052061862223854595,0.001263271002805348,0.00722917840480276,0.10119501980968185,-0.053387911755457124,0.1520220575417156,-0.1132454935173829,-0.15316188748271597,-0.14495000854825546,-0.01560555610697021,0.016840829467677332,-0.10104100942835667,0.027131974426221377,0.13575616370048116,0.06868038327036541,0.06602011264084963,-0.11750402325828924,0.014673422399702964
param_xmodmisc1a_dest2am,0.011987042447068448,-0.013402290693674273,0.11050085877589856,0.028484262689678564,-0.11332500676681544,-0.035455113890263866,-0.03649069281011693,0.028491085240673026,-0.09273537388207154,-0.12703918756505664,-0.14043472055201475,-0.06384614379714161,-0.08949519753353632,-0.18877518948063973,-0.06218674149806391,0.04305252763397207,0.006543598520473093,0.12145450218189792,0.030939366132213486,-0.10817220721829078
param_xmodmisc1b_dest1am,0.009726879759872353,-0.020211404493395507,-0.10568519579334468,-0.01474267210721654,-0.015408145499384695,-0.01284055846531786,0.05300606744536714,0.027695946894856143,-0.2119776932261835,-0.01524395181001266,0.07653703168841686,-0.1447337738266733,0.015094377445255982,0.045021853718773625,0.10804515758757179,0.053606492452270726,-0.09011923099237543,-0.04630987278056069,-0.16433679168446544,0.15089874143509027
param_xmodmisc1b_dest2am,-0.03783985598705768,0.008490424763314592,-0.1196263545208509,-0.023592540828580925,0.0016923241263790507,0.030338171820424923,-0.005893672077334551,0.03267293957986954,-0.10878971306533196,0.15674638874133073,0.06515921785670102,-0.06358115975772473,-0.0370626763354731,0.01297943687387949,-0.08365253443449085,0.06190782378630924,-0.1296526077070262,-0.269957659076337,0.07689604591092888,0.14319618922029878
param_xmodmisc2a_dest1am,0.03547244583455241,0.07273958912215735,0.11959848307946275,-0.012713749255841586,-0.03206741311813311,-0.03166384555778547,-0.032836262390044876,-0.02374016284270825,0.024975725641825448,0.09285956487054656,-0.10563869289243788,-0.02815707836623831,0.12393300361805655,0.05038177683728094,0.21615226360946846,0.190557470849702,0.06193744786787128,0.026250306517540133,-0.1361345745313411,-0.09858783356428061
param_xmodmisc2a_dest2am,0.030014170259408682,-0.007306155306015704,0.024165682359942375,-0.0222419476794427,0.045097622012387935,-0.043018771179738124,-0.03755563872518126,-0.027188793480125106,-0.021065436668682082,-0.06105481112641139,-0.04768679999755185,0.01842073877668784,-0.06324294333513701,0.0018869024595589302,-0.07661726340089925,0.0034713174529497977,0.09066051252583845,-0.04634460217899456,-0.02163534424695183,-0.0722312048718823
param_xmodmisc2b_dest1am,0.03028434311814181,-0.004777230171845093,0.04872256781759751,-0.0001478756913530262,0.0024124415988028163,0.036676936122583735,-0.010168938511428569,0.007822858629960128,0.04004334757634049,0.03421301389678345,0.059028779565572884,-0.1418603707953594,-0.062229878392805374,-0.01154138705008751,0.15290574654262412,-0.1302442419612349,-0.12003859202330117,-0.09315906299444486,-0.1986302094090389,0.16270836071977876
param_xmodmisc2b_dest2am,-0.0003884391617485612,0.023733148551573765,-0.01867310209091392,-0.03605229218737057,0.003214747172672488,0.02765523644045439,0.006503142313159325,0.02367537384660816,0.03467323872958469,-0.016474834376552845,-0.003995998611981384,-0.07828870157689469,0.004331364092931469,0.022556224644515035,0.0712469502322734,-0.03195108606669688,0.06592885723908068,0.004179969975286888,0.2976389581690506,0.019145437898867704
